sql,tipo_imovel,bloco,bairro,data_transacao,valor_transacao,area_ref,ln_vu,yhat_ln,base_value_ln,shap_area_construida_m2,shap_area_terreno_m2,shap_idade,shap_padrao_nivel,shap_dist_estacao_m,shap_mes_idx,shap_lat,shap_lon,shap_tipo_imovel
00301603448,apartment,9,TORRE B,2026-05-18,220468.5,66,8.1139,8.466795921325684,8.38516366481781,0.026585829257964377,0.028500652313232955,0.05297793149948138,0.008176624774932861,0.05249698162078875,0.0075190067291259766,0.04538486003875697,-0.03955234289169329,-0.10045728683471644
00701106743,apartment,0,,2026-03-18,270000.0,41,8.7926,8.669586181640625,8.38516366481781,0.18669303655624336,-0.014705884456633456,-0.038109779357910156,-0.005180239677429199,0.04285299777984619,-0.029195129871369296,0.032371270656586404,0.14466121196746862,-0.03496496677398753
01001107764,apartment,0,,2026-02-03,824721.19,124,8.8025,8.811382293701172,8.38516366481781,-0.04601814746856725,0.03982322216033918,-0.05334967374801636,-0.008313608169554954,0.14713765382766741,-0.038290560245514804,0.10035346746444684,0.24617205858230662,0.03870421648025513
01002407291,apartment,0,CERQUEIRA CESAR,2026-04-02,410000.0,83,8.5051,8.665574073791504,8.38516366481781,-0.009069871902465998,0.019562506675719682,-0.11283420324325544,0.009260702133178533,0.12305736541748136,0.017104780673980358,0.0568451046943661,0.2255653142929086,-0.04908128976821935
01002718015,apartment,0,,2026-04-08,520000.0,77,8.8178,8.751250267028809,8.38516366481781,-0.01567697525024414,0.08419393301010203,0.08462725877761823,0.03456999063491839,0.059799563884735285,0.0037387132644646215,0.06724419593810982,0.12673339843750053,-0.07914347648620623
01403802981,apartment,0,CERQUEIRA CESAR,2026-07-13,1938181.82,124,9.657,9.212554931640625,8.38516366481781,-0.05534002780914182,-0.009029150009156162,-0.0669482231140135,0.0030786752700810993,0.046560072898863325,0.0021610498428339397,0.3877010226249702,0.5703808188438417,-0.05117297172546387
03301407641,apartment,0,D,2026-01-12,300000.0,48,8.7403,8.613417625427246,8.38516366481781,0.14201060533523613,0.006846082210540949,-0.10237073898315341,0.0022591114044194782,0.053436839580535356,-0.0033264875411997963,0.10863957405090297,0.0012803554534910333,0.01947861909866333
03610103256,apartment,6,,2026-06-26,3900000.0,286,9.5205,9.375089645385742,8.38516366481781,-0.08332600593566841,-0.058810031414032515,0.18873168230056692,0.09427152872085554,-0.0011874556541435766,0.009059274196624223,0.2970757007598879,0.49956185817718524,0.04454942941665685
04116705829,apartment,6,TORRE A-AL JURUPIS 700,2026-03-17,508442.0,39,9.4755,9.339909553527832,8.38516366481781,0.1299766778945921,0.08934823274612391,0.2155294775962835,0.05538842678070033,0.10580489635467494,-0.02320655584335274,0.08821631669998187,0.3061418056488039,-0.012453389167785822
04219900594,apartment,1,,2026-07-23,439990.0,45,9.1878,8.946516036987305,8.38516366481781,0.1103180885314945,0.05864826440811122,0.14863387346267665,-0.00031206607818656806,0.06735463142395037,-0.01136698722839391,0.09681420326232892,0.16051121950149572,-0.06924885511398227
05333906580,apartment,9,,2026-02-13,400000.0,74,8.5952,8.454894065856934,8.38516366481781,0.0155043244361881,0.02229464054107666,0.10171288251876831,0.006366288661956432,-0.023249340057372336,-0.03215284347534286,0.10996559858322197,-0.06787362098693794,-0.06283752918243479
05620100601,apartment,3,TORRE A,2026-04-02,1545000.0,173,9.0972,8.761421203613281,8.38516366481781,-0.06610635519027674,0.2247100353240965,0.1223764419555673,0.07858455181121737,-0.003026163578033092,0.005203640460967662,0.15278141498565656,-0.0867956280708313,-0.051470398902893066
05704902421,apartment,3,VILA MATILDE,2026-05-29,500000.0,161,8.041,8.161054611206055,8.38516366481781,-0.11002326011657715,0.09922026395797712,-0.1679193854331973,-0.015160810947417502,0.038315868377685636,0.0003218889236444866,0.07797733545303398,-0.18220072984695435,0.035359776020049694
06820503301,apartment,4,VL PAIVA,2026-05-11,417000.0,86,8.4865,8.389631271362305,8.38516366481781,-0.003959000110626221,0.10523883104324305,0.10876290798187238,0.03950741291046178,-0.03457796573638916,-0.011753785610198797,-0.08945978879928607,-0.030603539943695246,-0.0786874651908871
08009404055,apartment,7,VILA LEOPOLDOINA,2026-05-14,760000.0,146,8.5575,8.728858947753906,8.38516366481781,-0.08106912374496567,-0.03403402566909719,0.11515761613845843,-0.00819149017333931,0.02690817117690969,-0.0015282154083244848,0.23235706090927088,0.152107524871826,-0.058012235164642156
08321700829,apartment,6,EDIF TANGER,2026-06-30,3950000.0,283,9.5438,9.321955680847168,8.38516366481781,-0.14909996986389196,0.07781765460967982,-0.05769492387771624,0.07455171346664446,0.050516057014465154,-0.0002119779586786663,0.44690595865249616,0.5758418917655952,-0.08183438777923602
09006007722,apartment,2,JARDIM PRUDENCIA,2026-04-01,340000.0,41,9.0231,8.739909172058105,8.38516366481781,0.20097377300262398,0.05346370935440081,0.15779193639755285,-0.0034463167190557087,-0.030440282821654563,0.012682449817657648,-0.23099620342254656,0.2853486657142641,-0.09063222408294713
10006100928,apartment,9,VILA PRUDENTE,2026-06-08,980000.0,238,8.323,8.100351333618164,8.38516366481781,-0.14066870212555038,-0.03631865978240967,-0.101619148254394,0.03975758552551323,0.07440655231475812,0.0006101489067082966,0.12855793237686175,-0.18102049827575684,-0.06851754188537651
12040802087,apartment,2,,2026-05-13,400000.0,119,8.1201,8.097259521484375,8.38516366481781,-0.09136747121810895,0.05131403207778984,-0.09087070226669347,-0.006972706317901256,-0.06506159305572545,-0.008449840545655007,-0.2135950446128838,0.21685490608215297,-0.07975572347640991
13018500295,apartment,3,VILA SILVIA,2026-02-06,250000.0,56,8.4039,8.115080833435059,8.38516366481781,0.1539529919624334,0.07689731121063215,-0.08658982515335101,-0.10747702121734637,0.007905304431916171,0.0021912813186641955,-0.046624290943145574,-0.16770722866058385,-0.10263135433197057
13933706016,apartment,5,,2026-05-08,167102.01,55,8.019,7.7584943771362305,8.38516366481781,0.08863819837570164,-0.0544064879417423,-0.0033704042434692383,-0.010357022285460538,-0.10079365968704268,-0.016546547412872314,-0.040282058715820135,-0.4252631306648258,-0.06428817510604823
17002001621,apartment,8,1 DEPOSITO,2026-04-13,815000.0,488,7.4206,7.564715385437012,8.38516366481781,-0.43580995798110944,0.05207275152206403,-0.15291451215744,0.04995499849319396,-0.047387897968292236,0.001524507999420166,-0.18852143287658718,0.027614748477936324,-0.12698148488998395
17130200791,apartment,8,TORRE 1,2026-01-30,290000.0,132,7.6948,8.26258659362793,8.38516366481781,-0.08494831323623675,0.16506993770599365,0.015535748004913863,0.00911991596221906,-0.046601712703704834,-0.04269049167633021,-0.01336716413497907,-0.09324563741683978,-0.031449353694916304
17331003746,apartment,2,RUA CANUTO BORELLI 99,2026-04-30,525000.0,168,8.0472,7.957087516784668,8.38516366481781,-0.10258252620697039,0.006069302558898482,0.008833217620849432,0.013179051876067938,-0.12054480314254779,0.01791350841522199,-0.41169266700744567,0.195643508434296,-0.034894740581512096
18505402935,apartment,8,ED PALMEIRA,2026-05-20,880000.0,160,8.6125,8.455219268798828,8.38516366481781,-0.05896449089050293,0.0867567181587221,0.03362362384796125,0.1029677033424381,-0.0527063012123099,0.002832055091857022,0.046300649642944336,-0.05920987129211497,-0.03154448270797694
00800801407,commercial,0,,2026-02-09,230000.0,75,8.0283,8.634870529174805,8.385162568092346,0.08051362037658727,0.15675393342971766,-0.11444784402847308,0.0022777080535894,0.02815282344818204,-0.01486221551895106,-0.02909587621688914,0.03336956501007027,0.10704624652862549
01010103741,commercial,0,,2026-05-20,850000.0,93,9.1204,8.674854278564453,8.385162568092346,-0.051759350299835916,-0.08185126781463659,-0.09701033830642647,0.05311866998672521,0.04630891084671074,-0.024186658859252752,0.26905573606491107,0.3092702984809872,-0.1332542896270752
02706203757,commercial,9,MOOCA,2026-07-31,246877.12,74,8.1126,8.189476013183594,8.385162568092346,0.013668692111968639,-0.07120631933212263,0.044148194789887185,0.0024022817611690783,-0.02375897169113106,-0.011422419548035023,0.0724638223648073,-0.05866330862045288,-0.1633185267448427
03203000040,commercial,9,ALTO DA MOOCA,2026-03-26,535000.0,100,8.5849,8.462169647216797,8.38516366481781,0.010392844676970547,0.11855608224868686,-0.10961318016052246,0.01571457386016828,0.013277757167815984,-0.009429979324340643,0.1567078709602363,-0.14426888227462698,0.02566889524459892
05404400196,commercial,9,,2026-04-16,2400000.0,131,9.8158,8.708174705505371,8.385162568092346,-0.08323141336441076,0.22569814920425468,-0.126246833801269,-0.0023948431015021754,0.058580183982849476,-0.00934821367263794,0.19570016860961914,-0.0010748982429502618,0.06532983779907209
08554102975,commercial,6,SUBCOND EMPRESARIAL,2026-05-15,10500000.0,2646,8.2861,8.310375213623047,8.385162568092346,-0.05633828639984184,0.036394631862640026,0.03815963268280065,0.1018529295921331,0.01694399118423462,0.0021027326583862305,-0.06035257577896136,0.09019327163696289,-0.24374368190765328
08707507356,commercial,2,DESIGN OFFICES TOWER,2026-01-14,430000.0,90,8.4717,8.306933403015137,8.385162568092346,-0.014067637920379461,-0.08050473928451574,0.03826965093612689,0.03369818925857526,0.05178571939468313,-0.05123823881149203,-0.06993148326873833,0.22603539228439384,-0.21227601766586268
09708507458,commercial,7,"LIFE TOWER ""C""",2026-06-25,320000.0,79,8.3066,8.181807518005371,8.385162568092346,-0.001515913009643377,-0.0614316821098333,0.0491707205772407,0.10239923000335693,0.030863094329833807,0.0036427497863771308,0.009606850147247492,-0.032975614070892334,-0.3031144857406618
16819200012,commercial,8,,2026-07-13,690000.0,260,7.8838,8.006121635437012,8.385162568092346,-0.3341604828834539,0.11695998907089322,-0.11254202127456692,0.02045277357101405,0.04012023210525539,0.02432290315628105,-0.07212158441543615,-0.14448637962341326,0.0824136376380924
19705505021,commercial,0,,2026-06-19,330471.11,80,8.3262,7.896978855133057,8.385162568092346,0.005390191078185946,-0.07026236057281476,-0.007572317123413441,0.0379691004753111,-0.02676861286163268,-0.02553744316101092,-0.2408375263214113,0.0954820275306707,-0.25604677200317383
02403801658,house,7,LAPA,2026-06-22,1100000.0,195,8.6378,8.704636573791504,8.385162568092346,-0.17366341352462822,0.006910002231598433,-0.12710685729980487,0.0843414783477785,0.009499013423919678,-0.012152528762817916,0.12555667161941564,0.23605391979217583,0.170035719871521
05802800593,house,3,RES BARCELOS,2026-05-26,375000.0,54,8.8457,8.680994033813477,8.38516366481781,0.1407495856285097,-0.006795227527618408,0.00552635192871076,0.01924470663070732,0.05370728969574046,-0.034103071689606246,0.03861558437347412,-0.13441998958587664,0.21330513954162544
06025900167,house,3,CHAC CRUZ DO SUL,2026-03-16,560000.0,92,8.7139,8.422603607177734,8.385162568092346,-0.005782675743103205,0.005393147468567783,-0.0015178322792053223,-0.07408212423324567,-0.004165434837341664,-0.02336148023605311,-0.034741735458374556,-0.1555645465850839,0.3312637209892282
06833501701,house,4,,2026-06-22,465000.0,174,7.8907,8.112584114074707,8.385162568092346,-0.24781725406646782,-0.07732173204421944,-0.07015746831893921,0.03182193040847814,0.016952991485595703,0.008377301692962469,-0.07471177577972377,-0.005040895938873469,0.14531844854354858
08007200241,house,7,,2026-04-17,2640000.0,222,9.3836,9.119241714477539,8.385162568092346,-0.11336836814880424,0.04307997226715088,0.20939074754715037,0.004259860515594127,0.044641315937042236,-0.028601348400115967,0.052541923522949396,0.28944153785705584,0.2326935052871706
08708400091,house,2,,2026-02-13,1580000.0,150,9.2623,8.842387199401855,8.38516366481781,-0.12088329792022723,0.03489716053009051,-0.061457848548888805,0.027069067955016735,0.06566718816757255,-0.013985872268677646,-0.003057503700256703,0.2185873866081245,0.3103872537612915
09139200264,house,2,VILA CAPESTRE,2026-01-29,426000.0,118,8.1915,8.111738204956055,8.38516366481781,-0.07781987190246564,-0.10894850492477381,-0.06441963911056448,0.031194996833801447,0.007444322109222412,0.0017092227935791016,-0.3597166538238534,0.06161808967590332,0.2355125784873957
10416500594,house,7,VILA ARCADIA,2026-04-23,350000.0,90,8.2659,8.505757331848145,8.385162568092346,0.031239914894103826,-0.06290642023086512,-0.06838988065719587,0.0059618711471554064,-0.008787214756011963,-0.004885661602020086,-0.22160741090774572,0.1420451879501341,0.3079243779182441
12005000581,house,2,CUPECE,2026-02-18,670000.0,105,8.7611,8.583335876464844,8.385162568092346,-0.07295429706573486,0.08207925558090245,0.12807395458221382,-0.02652511596679652,-0.06667605638504082,-0.03340606689453107,-0.24567222595214844,0.24772832393646294,0.1855255365371704
12008900702,house,2,JD CONSORCIO,2026-03-10,700000.0,157,8.4026,8.160615921020508,8.385162568092346,-0.17682968378067,0.020625090599059703,-0.08503654003143257,0.01658537387847847,-0.10458643436431903,-0.03746978044509941,-0.30916306972503627,0.23701560497284024,0.21431279182434082
12123202303,house,2,VL. CAMPO GRANDE,2026-05-19,437000.0,111,8.2782,8.529586791992188,8.38516366481781,-0.0768706560134893,0.01795928478240949,-0.007509410381317139,-0.011606431007384899,0.023854696750641224,-0.0003154397010804999,-0.25979286432266147,0.23571954965591413,0.2229843974113459
16036000609,house,8,PQ VERDE,2026-04-24,930000.0,169,8.613,8.231635093688965,8.385162568092346,-0.15699528455734324,-0.05112472772598231,-0.04456188678741402,-0.019519340991973166,-0.062096476554870605,-0.021513438224793013,0.09546176195144618,-0.11950602531433052,0.2263279438018797
16914401755,house,8,PRQ REGINA,2026-07-22,400000.0,302,7.1888,7.5176568031311035,8.385162568092346,-0.49076905250549263,-0.05460420846939096,0.016212368011474965,-0.1291426062583927,0.021763932704925715,0.01597548723220843,-0.1586606860160833,-0.13863595724105826,0.050354957580566406
19302300251,house,5,VL M HELENA,2026-05-11,450000.0,236,7.5532,7.460362434387207,8.385162568092346,-0.33012921810150164,-0.09298063516616839,0.011524331569671808,-0.13173394203186017,-0.0002103924751279962,0.01756007671356219,0.09077966213226318,-0.6599815249443055,0.17037150859832773
30602100043,house,4,CASA VERDE,2026-02-11,600000.0,123,8.4925,8.257261276245117,8.385162568092346,-0.1268176317214964,0.015397191047668457,-0.07339745759963989,0.004530191421508789,-0.0998797178268438,0.008102929592133101,-0.17307667732238752,0.0984365582466129,0.2188033223152157
