original_column,english_column
sql,cadastral_key_sql
logradouro,street_name
numero,street_number
complemento,address_unit
grupo_edificio,building_group
mes_referencia,payment_month_sheet
tipo_imovel,property_type
uso_iptu,iptu_use_code
descricao_uso,iptu_use_description_pt
padrao_iptu,iptu_standard_code
padrao_tipo,building_class_digit
padrao_nivel,finish_grade
descricao_padrao,iptu_standard_description_pt
idade,age_years
area_construida_m2,built_area_m2
area_terreno_m2,lot_area_m2
fracao_ideal,undivided_share
testada_m,frontage_m
x_utm,x_utm
y_utm,y_utm
lon,lon
lat,lat
bairro,neighborhood_pt
cep,postal_code
setor,fiscal_sector
setor_quadra,sector_block_key
data_transacao,transaction_date
mes_idx,month_index
dist_estacao_m,dist_station_m
valor_transacao,declared_price_brl
area_ref,reference_area_m2
ln_vu,ln_unit_price
valor_venal_referencia,assessed_ref_value_brl
razao_vvr,price_to_assessed_ratio
financiado,is_financed
tipo_financiamento,financing_type_pt
valor_financiado,financed_amount_brl
bloco,spatial_block
