sql,tipo_imovel,bloco,bairro,data_transacao,mes_idx,area_construida_m2,area_terreno_m2,idade,padrao_nivel,descricao_padrao,dist_estacao_m,lat,lon,valor_transacao,area_ref,ln_vu
00702002682,apartment,0,SANTA CECILIA,2025-12-03,11,51,500.0,55.0,2,RESIDENCIAL VERTICAL,236.8,-23.537699,-46.649855,265000.0,51,8.5557
02006510444,apartment,0,,2025-06-17,5,56,200.0,55.0,1,RESIDENCIAL VERTICAL,216.6,-23.535466,-46.655833,170000.0,56,8.0182
03110803178,apartment,9,MOOCA,2025-04-08,3,366,31638.0,17.0,3,RESIDENCIAL VERTICAL,1123.3,-23.552374,-46.594369,3160000.0,366,9.0634
03700608306,apartment,0,,2025-07-30,6,45,2926.0,2.0,2,RESIDENCIAL VERTICAL,112.9,-23.57637,-46.641949,365374.7,45,9.002
04911901381,apartment,1,TORRE 1 - VITORIA,2025-04-04,3,78,6901.0,14.0,2,RESIDENCIAL VERTICAL,2221.4,-23.621454,-46.604114,424000.0,78,8.6008
08009312746,apartment,7,COND ED LIVERPOOL,2025-11-21,10,124,999.0,24.0,2,RESIDENCIAL VERTICAL,1375.7,-23.530993,-46.726645,585000.0,124,8.4591
14719803831,apartment,3,CITY PARK III,2024-02-07,-11,103,5307.0,24.0,2,RESIDENCIAL VERTICAL,3839.9,-23.575408,-46.492517,250000.0,103,7.7945
17128002390,apartment,8,TORRE SUN VIEW,2025-03-18,2,164,3657.0,15.0,3,RESIDENCIAL VERTICAL,1908.5,-23.60914,-46.742412,720000.0,164,8.3871
29902809055,apartment,6,,2025-06-27,5,100,4795.0,10.0,3,RESIDENCIAL VERTICAL,1044.6,-23.59193,-46.682754,836243.39,100,9.0315
29910402503,apartment,6,ED OLIMPIADAS TORRE B,2025-12-19,11,352,5800.0,13.0,4,RESIDENCIAL VERTICAL,1519.5,-23.60102,-46.680435,964611.52,352,7.9158
04402203503,commercial,9,"T-2-COM-IBITIRAMA,166",2025-01-31,0,139,5700.0,2.0,3,COMERCIAL VERTICAL,199.9,-23.583556,-46.585257,814000.0,139,8.6752
07212806137,commercial,4,OFFICE DESIGN SANTANA,2025-04-05,3,61,1909.0,10.0,3,COMERCIAL VERTICAL,1440.5,-23.499956,-46.638589,187500.0,61,8.0307
09609103227,commercial,7,EMPRESARIAL BACHIANAS,2025-03-10,2,100,1831.0,24.0,3,COMERCIAL VERTICAL,999.3,-23.552604,-46.719897,325000.0,100,8.0864
19702203073,commercial,0,BARRA FUNDA,2025-09-03,8,65,4752.0,7.0,4,COMERCIAL VERTICAL,824.2,-23.519539,-46.662809,350035.96,65,8.5914
04314801425,house,1,,2025-06-26,5,140,114.0,51.0,2,RESIDENCIAL HORIZONTAL,750.6,-23.607363,-46.606698,460000.0,140,8.0973
06717700858,house,4,TUCURUVI,2025-03-18,2,43,329.0,8.0,2,RESIDENCIAL HORIZONTAL,1248.4,-23.479206,-46.590958,300000.0,43,8.8503
07034100209,house,4,MANDAQUI,2025-10-06,9,91,98.0,52.0,1,RESIDENCIAL HORIZONTAL,2113.7,-23.478323,-46.631064,275000.0,91,8.0137
13937300121,house,5,,2025-09-10,8,95,158.0,46.0,1,RESIDENCIAL HORIZONTAL,1598.1,-23.524648,-46.432296,120000.0,95,7.1414
15120201201,house,5,,2025-10-17,9,150,151.0,28.0,1,RESIDENCIAL HORIZONTAL,859.3,-23.610934,-46.468355,380000.0,150,7.8373
30802400210,house,7,JD. CARUMBE,2025-01-24,0,46,139.0,44.0,0,RESIDENCIAL HORIZONTAL,4165.6,-23.455387,-46.697647,130000.0,46,7.9466
