a,b,metric,pooled_diff,ci_lo,ci_hi,wilcoxon_p
sar_gm,ols,rmse_ln,-0.0229,-0.0607,0.0280,0.6250
sar_gm,ols,mape_pct,-0.9887,-5.7881,4.3180,0.8457
xgb_lag,sar_gm,rmse_ln,-0.0630,-0.0855,-0.0463,0.0020
xgb_lag,sar_gm,mape_pct,-6.1358,-8.2668,-4.1027,0.0020
xgb_lag,ols,rmse_ln,-0.0858,-0.1149,-0.0518,0.0020
xgb_lag,ols,mape_pct,-7.1245,-10.4789,-3.7207,0.0059
xgb_lag,xgb_nolag,rmse_ln,-0.0126,-0.0236,-0.0037,0.0273
xgb_lag,xgb_nolag,mape_pct,-1.0181,-2.0425,-0.2276,0.0840
xgb_nolag,sar_gm,rmse_ln,-0.0503,-0.0752,-0.0328,0.0020
xgb_nolag,sar_gm,mape_pct,-5.1177,-7.2451,-3.1843,0.0020
tabpfn_t0,sar_gm,rmse_ln,-0.0538,-0.0997,-0.0135,0.0098
tabpfn_t0,sar_gm,mape_pct,-6.2450,-11.6118,-0.3910,0.0098
tabpfn_t0,xgb_lag,rmse_ln,0.0092,-0.0182,0.0338,0.6953
tabpfn_t0,xgb_lag,mape_pct,-0.1092,-3.7179,3.8338,0.1602
tabpfn_t0,ols,rmse_ln,-0.0767,-0.1174,-0.0454,0.0039
tabpfn_t0,ols,mape_pct,-7.2336,-11.5005,-4.1486,0.0020
tabpfn_t0_think_medium,sar_gm,rmse_ln,-0.0587,-0.1025,-0.0211,0.0098
tabpfn_t0_think_medium,sar_gm,mape_pct,-6.6926,-11.6937,-1.2878,0.0059
tabpfn_t0_think_medium,xgb_lag,rmse_ln,0.0043,-0.0197,0.0265,0.6250
tabpfn_t0_think_medium,xgb_lag,mape_pct,-0.5568,-3.7664,2.8729,0.1309
tabpfn_t0_think_medium,ols,rmse_ln,-0.0816,-0.1188,-0.0520,0.0039
tabpfn_t0_think_medium,ols,mape_pct,-7.6813,-11.5352,-4.9854,0.0020
tabpfn_t0_think_medium,tabpfn_t0,rmse_ln,-0.0049,-0.0082,-0.0007,0.1055
tabpfn_t0_think_medium,tabpfn_t0,mape_pct,-0.4477,-0.9276,0.0639,0.2754
